0,1,2,Label,id,indegree
1.0700106719186657e+18,NicoloPagan,38.0,,,
0,1,2,Label,id,indegree
8.485395001670042e+17,sebastian_ruf,224.0,,,
0,1,2,Label,id,indegree
814015332.0,dinacmistry,403.0,,,
0,1,2,Label,id,indegree
1.220359214884905e+18,SINSA2020,218.0,,,
0,1,2,Label,id,indegree
382393.0,ciro,574.0,,,
0,1,2,Label,id,indegree
574364219.0,dgarcia_eu,117.0,,,
0,1,2,Label,id,indegree
415906140.0,net_science,444.0,,,
0,1,2,Label,id,indegree
1524770221.0,mmdkhosravi,20.0,,,
0,1,2,Label,id,indegree
9.340905709302866e+17,c_stadtfeld,167.0,,,
0,1,2,Label,id,indegree
382134761.0,mtizzoni,192.0,,,
0,1,2,Label,id,indegree
9.340412626085847e+17,TimonElmer,53.0,,,
0,1,2,Label,id,indegree
304928205.0,GuidoCaldarelli,380.0,,,
0,1,2,Label,id,indegree
17354555.0,emilio__ferrara,242.0,,,
0,1,2,Label,id,indegree
184433314.0,ancsaaa3,65.0,,,
1.0700106719186657e+18,NicoloPagan,38.0,,,
8.485395001670042e+17,sebastian_ruf,224.0,,,
814015332.0,dinacmistry,403.0,,,
1.220359214884905e+18,SINSA2020,218.0,,,
382393.0,ciro,574.0,,,
574364219.0,dgarcia_eu,117.0,,,
415906140.0,net_science,444.0,,,
1524770221.0,mmdkhosravi,20.0,,,
9.340905709302866e+17,c_stadtfeld,167.0,,,
382134761.0,mtizzoni,192.0,,,
9.340412626085847e+17,TimonElmer,53.0,,,
304928205.0,GuidoCaldarelli,380.0,,,
17354555.0,emilio__ferrara,242.0,,,
184433314.0,ancsaaa3,65.0,,,
9.357850161555702e+17,networkspapers,0.0,,,
529438517.0,aaronclauset,41.0,,,
1.1497779032840315e+18,NetworCSS,23.0,,,
57571700.0,TahaYasseri,49.0,,,
4690350990.0,DynamicsSIAM,197.0,,,
243161145.0,iniguezg,134.0,,,
2797948887.0,BehavEcolPapers,0.0,,,
617118982.0,fede7j,243.0,,,
12819112.0,PLOS,73.0,,,
258847118.0,PNASNews,12.0,,,
2901252195.0,fdlevi,89.0,,,
1944845792.0,ChSteglich,100.0,,,
993480307.0,Raabe_Isabel,40.0,,,
9.736363077748285e+17,netsci2020,268.0,,,
7.525984998170624e+17,mv_tomasello,8.0,,,
582161546.0,alexvespi,309.0,,,
7.068009253949972e+17,NatureHumBehav,63.0,,,
56341402.0,barabasi,120.0,,,
579299426.0,stevenstrogatz,122.0,,,
216098950.0,SocNetAnalysts,96.0,,,
1.0478086092105892e+18,sn_ethz,3.0,,,
1.105508110213546e+18,netscisociety,209.0,,,
9.736427705219154e+17,2019NetSci,230.0,,,
7.007468966801613e+17,netsci2017,641.0,,,
426509606.0,cosnet_bifi,241.0,,,
4856786657.0,complex_nets,0.0,,,
191553947.0,hihickster,9.0,,,
8.852377451987476e+17,stiso_jennifer,42.0,,,
8.489131938671247e+17,SarahWest382,110.0,,,
82503888.0,neuroperson,27.0,,,
86523055.0,mdiberna,44.0,,,
321783625.0,olivercliff,34.0,,,
814274646.0,artistjaneadams,214.0,,,
60458714.0,jlizier,260.0,,,
46152530.0,narnolddd,163.0,,,
1.1671451174525706e+18,Networks2021,785.0,,,
8.573265817018491e+17,sattertt,37.0,,,
9.522701711247196e+17,systmedicine,60.0,,,
847127276.0,caioseguin,83.0,,,
2160138829.0,neuro_dz,142.0,,,
285380882.0,joshfasky,75.0,,,
9.543351537231831e+17,LdaFCosta,373.0,,,
3837804028.0,RodrigoMigueles,74.0,,,
1.0723244695935631e+18,HassanDehghaniA,35.0,,,
564089684.0,LuisMateusRocha,231.0,,,
19714395.0,rionbr,157.0,,,
16458709.0,dbemerydt,59.0,,,
450742208.0,BabakRavandi,132.0,,,
7.706878215354491e+17,Enri_amico,86.0,,,
1058470939.0,BenChiem,32.0,,,
8.779767680612434e+17,ArianAshourvan,18.0,,,
487705992.0,CarolinaMttssn,124.0,,,
8.276582880408617e+17,NicoleEikmeier,41.0,,,
8.163216943191818e+17,societyoftrees,71.0,,,
1557533940.0,AlicePatania,193.0,,,
9.588876704779756e+17,PedroM_Z,64.0,,,
1069045039.0,dan_marinazzo,347.0,,,
1.1207894241184072e+18,towlsonek,53.0,,,
18247347.0,tiagopeixoto,912.0,,,
2290819595.0,conorheins,106.0,,,
1.1112386190025318e+18,winter_complex,1093.0,,,
8.345141300359578e+17,sam_rosenbott,120.0,,,
212640939.0,syedarehaq,131.0,,,
43712315.0,josemarfdc,171.0,,,
8.01932087850836e+17,LaNet_2019,691.0,,,
772310749.0,AmarDhand,68.0,,,
8.242415757064274e+17,official_SYNS,587.0,,,
160925047.0,mccabe_s,145.0,,,
318262821.0,george_berry,190.0,,,
1.0457634486704865e+18,ChrisWLynn,108.0,,,
3352671022.0,aliceschwarze,251.0,,,
8.908632146904801e+17,manuel_pita_,200.0,,,
21719973.0,Shugars,183.0,,,
1046598080.0,jkbren,233.0,,,
833629111.0,chiahungyang,57.0,,,
479672092.0,ConstantineDovr,66.0,,,
365059891.0,_leotrs,251.0,,,
1962699368.0,_AlexArenas,372.0,,,
3386954115.0,daniel_goldsmth,252.0,,,
8.791703345781391e+17,SoodiMilanlouei,74.0,,,
4099956119.0,SoheilEshghi,180.0,,,
33315710.0,austinbenson,191.0,,,
2902126231.0,DzGuilbeault,51.0,,,
4179767308.0,spcornelius,120.0,,,
62621489.0,joshua_a_becker,35.0,,,
77436536.0,onurvarol,477.0,,,
3729520335.0,NUnetsi,142.0,,,
2584784815.0,ryanjgallag,260.0,,,
257111136.0,s_cresci,91.0,,,
16504257.0,Nnedi,0.0,,,
24150239.0,aminrahimian,89.0,,,
838413744.0,Mark_A_Thornton,27.0,,,
331632691.0,DianaTamir,21.0,,,
227062815.0,_kenny_joseph,88.0,,,
2871161111.0,ariSPeshkin,22.0,,,
1.0578064217509601e+18,ericneumannpsyc,59.0,,,
1560513588.0,branmorrighan,165.0,,,
1611332490.0,NetworkFact,1.0,,,
20131383.0,cward1e,13.0,,,
1104234200.0,oritpeleg,66.0,,,
4035976895.0,louisecam93,3.0,,,
217015882.0,ajmoralesguzman,149.0,,,
1.1471707184944456e+18,css_usne,99.0,,,
22979111.0,martikagv,280.0,,,
277216230.0,DLydonStaley,88.0,,,
1.139160970721407e+18,tinaL___,41.0,,,
3216966611.0,hyejin_youn,108.0,,,
1540384460.0,martijnheuv,6.0,,,
2335431.0,yy,337.0,,,
4844847993.0,BovetAlexandre,84.0,,,
1512280484.0,phihoevel,66.0,,,
97564868.0,arcos_oliveira,322.0,,,
2872512304.0,Eliz_Hobson,62.0,,,
2316561068.0,ML_Ouellet,46.0,,,
37535954.0,o16granados,137.0,,,
2218303021.0,RERobertson,16.0,,,
77712285.0,a_baronca,175.0,,,
111402243.0,manishsaggar,85.0,,,
1.0856571396355154e+18,sathayas42,41.0,,,
13731562.0,DGaff,61.0,,,
2540514931.0,ConnectomeLab,42.0,,,
468499498.0,mrfrank5790,107.0,,,
1.120621201376854e+18,nerdsitu,107.0,,,
24499773.0,dgleich,19.0,,,
3154718333.0,JmBuldu,74.0,,,
7.482269029309194e+17,biorxiv_neursci,0.0,,,
9.508447136570941e+17,mjdramstead,20.0,,,
9.147874062509875e+17,bayrameda_ee,38.0,,,
116297274.0,coronges,91.0,,,
3728141775.0,mripapers,0.0,,,
724293313.0,neurogeneticus,1.0,,,
4120580026.0,siobhan_grayson,77.0,,,
1080753187.0,NatureNeuro,7.0,,,
4549648582.0,ari_e_kahn,21.0,,,
1.0025357495463363e+18,perryzurn,5.0,,,
3325105445.0,BenFMaier,157.0,,,
1467127267.0,drmichaellevin,23.0,,,
1329752491.0,_jgyou,206.0,,,
3301163090.0,compTimeSeries,10.0,,,
77990334.0,JariSaramaki,323.0,,,
381746423.0,bansallab,88.0,,,
155636227.0,gleesonj,222.0,,,
7.542733662074962e+17,gershbrain,0.0,,,
2427351685.0,richardfbetzel,157.0,,,
7.580396464546365e+17,netneurosci,21.0,,,
2648408096.0,jgonicor,192.0,,,
398398588.0,baruchbarzel,82.0,,,
14543336.0,mexicolindo,116.0,,,
1642585022.0,PhilChodrow,128.0,,,
2264082385.0,HarrisonHartle,154.0,,,
628967454.0,brucedesmarais,175.0,,,
1.0910129932850053e+18,netsci4sg,11.0,,,
2424151074.0,spornslab,122.0,,,
2338824692.0,YINSedge,111.0,,,
365002580.0,nvchawla,17.0,,,
8.166460644931707e+17,neurodynamicsFR,25.0,,,
323439357.0,aivoAALTO,38.0,,,
579143740.0,az_jacobs,113.0,,,
347886653.0,samfway,81.0,,,
15160540.0,noshir,154.0,,,
34249543.0,jsradford,208.0,,,
582233920.0,all_are,168.0,,,
839011723.0,TammyKolda,18.0,,,
301579658.0,ChrisDanforth,35.0,,,
26419626.0,bagrow,92.0,,,
7.8279571198942e+17,epj_ds,69.0,,,
4515151.0,p_barbera,80.0,,,
11778512.0,masonporter,0.0,,,
7.937171062567731e+17,lucasfindslinks,155.0,,,
712963903.0,SophieDBsjr,24.0,,,
103973912.0,CompleNet,0.0,,,
103370610.0,juniperlov,226.0,,,
490512649.0,LHDnets,213.0,,,
800351666.0,giosifid,14.0,,,
352013269.0,beenwrekt,0.0,,,
322347431.0,AFornito,104.0,,,
1886566261.0,claragranell,70.0,,,
48417486.0,ronaldomenezes,167.0,,,
7.120165775672648e+17,kcore_analytics,123.0,,,
1522281432.0,hutchkelley5,200.0,,,
434383401.0,jelenagrr,112.0,,,
2727517511.0,CantlonLab,12.0,,,
109533154.0,criedl,82.0,,,
35467792.0,vcolizza,99.0,,,
8.79070005844992e+17,gin_bianconi,64.0,,,
2770143649.0,jffmendes,65.0,,,
82566863.0,lordgrilo,255.0,,,
34721078.0,cerenbudak,70.0,,,
473353790.0,compstorylab,24.0,,,
487381183.0,PiratePeel,159.0,,,
19819769.0,eegilbert,17.0,,,
317422543.0,ricard_sole,115.0,,,
27047369.0,cesifoti,205.0,,,
373682248.0,HirokiSayama,172.0,,,
1979287862.0,DanLarremore,97.0,,,
1.019337134120063e+18,QuantBiology,9.0,,,
90258002.0,sfiscience,137.0,,,
1149541562.0,ComplexExplorer,116.0,,,
7.517342840927928e+17,arxiv_org,0.0,,,
416374176.0,bdanubius,31.0,,,
3096625956.0,LetsWorkHappy,417.0,,,
902498275.0,NUlabTMN,25.0,,,
8.359535696689398e+17,CompSysSoc,45.0,,,
255048621.0,robysinatra,360.0,,,
15008596.0,bgoncalves,109.0,,,
445315503.0,mkitsak,132.0,,,
8.803695218439864e+17,F_DeVicoFallani,70.0,,,
372689892.0,MartonKarsai,115.0,,,
9.727564850663711e+17,funwithnetworks,58.0,,,
9.203436269071155e+17,WarrenCntrPenn,13.0,,,
74956332.0,mattk7,377.0,,,
229910053.0,cxdig,461.0,,,
1704085728.0,YR_CSS,128.0,,,
217771939.0,mszll,325.0,,,
46477409.0,Northeastern,12.0,,,
18810779.0,Karhe,52.0,,,
299603744.0,msantolini,158.0,,,
1546977270.0,DirkBrockmann,238.0,,,
486530534.0,Scott_E_Page,32.0,,,
368379922.0,uvmcomplexity,97.0,,,
187521608.0,OSoMe_IU,76.0,,,
19402238.0,ScienceNews,3.0,,,
593041510.0,Sys_innovation,608.0,,,
9.311796131785155e+17,adilson_motter,343.0,,,
377491711.0,badnetworker,86.0,,,
8.315783658868859e+17,NDGannenberg,40.0,,,
490363356.0,santo_fortunato,6.0,,,
1954278132.0,NICOatNU,99.0,,,
925988665.0,DaniSBassett,176.0,,,
15045590.0,clauwa,284.0,,,
8143682.0,jure,22.0,,,
788363167.0,NAChristakis,39.0,,,
2329921.0,ladamic,35.0,,,
30706856.0,pholme,258.0,,,
833373624.0,foucaultwelles,135.0,,,
16191522.0,dashunwang,175.0,,,
37213193.0,davidlazer,234.0,,,
1423906682.0,TheRealShankar,378.0,,,
222050461.0,err45,101.0,,,
2837414492.0,sriniv_venkat,129.0,,,
8.990094945077617e+17,toastferry,197.0,,,
17270684.0,fusaroli,222.0,,,
3970895777.0,SDuranNebreda,40.0,,,
16330659.0,sgonzalezbailon,65.0,,,
1.2359619575150223e+18,aa_soc,28.0,,,
9.426721860321649e+17,sorianopanos,103.0,,,
15261050.0,leoguti85,81.0,,,
15658907.0,MLuczak,61.0,,,
9.832597373145743e+17,YijunRan,62.0,,,
18026546.0,ggeneraux,65.0,,,
1.0916885385869926e+18,CHens19756161,38.0,,,
3001907483.0,SrAleta,78.0,,,
8.01042537238696e+17,dnds_ceu,132.0,,,
1.2161507600792003e+18,sumofangles,72.0,,,
9.601380198430024e+17,martinrypdal,127.0,,,
76084600.0,goranmuric,121.0,,,
1307569508.0,sarayshai,318.0,,,
277532657.0,rohan_iitj,298.0,,,
3486259881.0,dougsrferreira,47.0,,,
740343523.0,nirajkkushwaha,124.0,,,
499054463.0,diliara_valeeva,216.0,,,
8.700035313355653e+17,drandrewrowe,33.0,,,
1.1797139566231142e+18,albe_bracci,229.0,,,
2488227390.0,_fduron,168.0,,,
110446125.0,pratha_sah,44.0,,,
8.690673651573064e+17,rcardenasheredi,177.0,,,
2895802438.0,FrontMathsStats,75.0,,,
1.1577339776056033e+18,_NJ_Roberts,67.0,,,
210328371.0,uarayon,20.0,,,
1.0833839328197714e+18,MFGevry,35.0,,,
7.920125473019945e+17,JoshuaSStinson,91.0,,,
297736294.0,andres_salaza,121.0,,,
7.902413100242289e+17,RachithAiyappa,138.0,,,
1.0577411241048474e+18,UVMCompSci,91.0,,,
2810956798.0,Antropocaos,89.0,,,
2507260668.0,tarunkumarsnu,96.0,,,
2896712975.0,ddiannae,49.0,,,
8.466974110996685e+17,FabBento,103.0,,,
3163055411.0,Abdullahrhmoun,145.0,,,
7.688847902925414e+17,HistPhilSci,98.0,,,
140753054.0,vishoza,50.0,,,
7.804292688660521e+17,alexpghayes,56.0,,,
138222192.0,ricardoI_,50.0,,,
7.540313789504512e+17,manuelmoreno454,75.0,,,
2911645708.0,ejdansu,60.0,,,
123842287.0,laeflu,22.0,,,
1.0041428410087547e+18,brookemariebell,17.0,,,
15464243.0,choux,106.0,,,
1953104810.0,KayseMaass,20.0,,,
1440886406.0,ZoltanElekes,69.0,,,
2742636202.0,balazsvedres,304.0,,,
54531975.0,ennnvvy,191.0,,,
166008261.0,jponnela,106.0,,,
1216521482.0,lgaalves,303.0,,,
112333725.0,n_kahmed,32.0,,,
2164757344.0,santosvtito,315.0,,,
7.786597917532201e+17,chakresh_iitgn,115.0,,,
1.1349609766950912e+18,CNWWs,216.0,,,
24016742.0,droneale,148.0,,,
240789781.0,MartLStein,32.0,,,
1834931742.0,qian_yifan,198.0,,,
9.629114290525184e+17,gdeandajauregui,145.0,,,
224814031.0,cyr_em,51.0,,,
1.011880954279981e+18,Herman_MSH,242.0,,,
1428700644.0,uclfincomp,100.0,,,
386025050.0,ryanqiwang,30.0,,,
1.0936818363271987e+18,NetSciX2020,265.0,,,
3246553077.0,YifangMa,134.0,,,
1.0062955267222036e+18,Madea_Zabi,118.0,,,
8.137254677568635e+17,randomGraphs,57.0,,,
444854831.0,saeedosat,103.0,,,
7559192.0,mr_sunshine,64.0,,,
197886036.0,sapiezynski,117.0,,,
89509276.0,Vivfiona,68.0,,,
9.847820253444096e+17,MencheLab,96.0,,,
52602820.0,Sebespejo,214.0,,,
1.0103080678278963e+18,EvoplexOrg,40.0,,,
159565864.0,adarshmathew92,109.0,,,
16696406.0,nj_goncalves,58.0,,,
8.508923776277422e+17,tylersnetwork,245.0,,,
1.0062318141077504e+18,LabNode,105.0,,,
2669156418.0,ian_hoffecker,148.0,,,
887242609.0,AnisabelBento,46.0,,,
621489211.0,kayladelahaye,102.0,,,
2519410236.0,SomnathTagore,72.0,,,
1038442496.0,chapakiti,86.0,,,
7.803458165610332e+17,cnnjojo,73.0,,,
54100811.0,danjbecker,39.0,,,
221354550.0,diestra77,263.0,,,
40383352.0,evoluchico,299.0,,,
64595550.0,Nietzchrodinger,189.0,,,
3185442680.0,jrncarlock,251.0,,,
9.747115005511475e+17,stonge_g,69.0,,,
53763883.0,crcandiav,92.0,,,
8.340304780427387e+17,nikhil07prakash,135.0,,,
8.434996345175941e+17,plzbeemyfriend,89.0,,,
8.156731268182999e+17,alliecmorgan,102.0,,,
175782460.0,oneofyen,162.0,,,
8.707429573805588e+17,PhysicsNEU,6.0,,,
1344397614.0,BMAlthouse,25.0,,,
223521568.0,TehRaio,193.0,,,
575376342.0,kaltenburger,166.0,,,
200865067.0,Arjitkapoor,54.0,,,
148052204.0,DanajaT,210.0,,,
1017873282.0,teo_criscione,169.0,,,
4723010406.0,anshulheaven,91.0,,,
2261831748.0,lista_redes,416.0,,,
1246421.0,danbri,112.0,,,
1585948734.0,jessecshore,154.0,,,
572949103.0,p_serodio,89.0,,,
27700085.0,natera,269.0,,,
2695374271.0,simply_jaehyuk,180.0,,,
2184712454.0,tozCSS,88.0,,,
178525062.0,apastorepiontti,78.0,,,
3001054244.0,pandeypradumn16,127.0,,,
13879522.0,GiulioRossetti,293.0,,,
624806128.0,HocineCherifi,333.0,,,
131264897.0,iacopoiacopini,241.0,,,
1296859046.0,LeonieMueck,36.0,,,
118402066.0,nitishk_Phd,214.0,,,
8.645862318538301e+17,_giuliacencetti,141.0,,,
96989025.0,anduviera,361.0,,,
122724789.0,sees_lab,278.0,,,
8.605614351177196e+17,sentinelle_nord,59.0,,,
543881355.0,dcalacci,119.0,,,
186484265.0,rayohauno,466.0,,,
414979077.0,Mire1a,409.0,,,
564948043.0,tacomanbearpig,51.0,,,
213083607.0,gomezgardenes,219.0,,,
220633309.0,Ank_iitR,28.0,,,
1307251459.0,claudia_mihai,403.0,,,
72912621.0,pwillburn,156.0,,,
9.111937219364577e+17,PolNet2018,287.0,,,
91975097.0,jmblanch,288.0,,,
348029933.0,beautiful_data,14.0,,,
1315396027.0,andreasantor0,203.0,,,
4120890970.0,NoemiDerzsy,46.0,,,
8.304427364026532e+17,MainulSabbir003,212.0,,,
300589072.0,CNicolaides,187.0,,,
2375509748.0,IUNetSci,421.0,,,
144087818.0,zhangqian_rach,64.0,,,
1169143062.0,evepanag,127.0,,,
1965433188.0,NetworkLeaderTA,2.0,,,
305504617.0,VNetworkLabs,118.0,,,
22615177.0,melegaro,40.0,,,
33826996.0,juemos,36.0,,,
3196161958.0,KevinZollman,48.0,,,
8.222400362801111e+17,misinfocon,5.0,,,
567627175.0,hxnx_sam,12.0,,,
1.1281587822639473e+18,NoaPinter,16.0,,,
7.274558505210593e+17,GBerlu,57.0,,,
27048570.0,c_lemp,76.0,,,
258069365.0,eleanorapower,48.0,,,
2749655899.0,ulfaslak,150.0,,,
7.957177759898337e+17,glitch,0.0,,,
532247558.0,IFISC_mallorca,150.0,,,
8.544130003500728e+17,chingjin120,69.0,,,
2459490150.0,netmob2019,107.0,,,
1.140731021517869e+18,NetworkCanvas,42.0,,,
88499773.0,Spiralizing,131.0,,,
1420409148.0,paulhinesuvm,53.0,,,
2919229315.0,TPMWhanau,13.0,,,
326721354.0,KONECTproject,16.0,,,
35031140.0,BasHofstra,213.0,,,
37658556.0,galen_jw,87.0,,,
19590257.0,frankolken,196.0,,,
14065835.0,mstrohm,132.0,,,
41860681.0,dianarycai,11.0,,,
90410110.0,ranzHer,70.0,,,
1.0402193716652728e+18,networks_lab,26.0,,,
17842485.0,tanisjones,77.0,,,
162605310.0,mZargham,85.0,,,
2228815292.0,lewis_math,135.0,,,
611941887.0,hedonometer,6.0,,,
477776093.0,desi_hristova,40.0,,,
36434049.0,robreich,4.0,,,
138523049.0,SFILive,45.0,,,
14923954.0,sfilibrary,13.0,,,
4824029985.0,DataScienceUDD,2.0,,,
7.789544314381599e+17,SophieMeakin,116.0,,,
18928144.0,Living_Cities,0.0,,,
3242942145.0,theandrewsfox,59.0,,,
2911074730.0,B_W_Campbell,23.0,,,
7.053399365144289e+17,thinking_22,82.0,,,
2381150314.0,Faqeeh_ali_,109.0,,,
1187259026.0,fennell_p,209.0,,,
250831420.0,SonicNU,40.0,,,
355774354.0,lynnwu02,14.0,,,
2330499302.0,thesickish,50.0,,,
2165165029.0,ISI_AI,7.0,,,
32807399.0,KristinaLerman,58.0,,,
437797632.0,Vesteur,200.0,,,
1689700388.0,networksvox,14.0,,,
383895664.0,JordiPinero,81.0,,,
9.507880680968315e+17,GrandataLabs,1.0,,,
52188980.0,necsi,193.0,,,
1964709944.0,MscxNetworks,130.0,,,
256652655.0,giaruffo,123.0,,,
1502671567.0,lau_retti,121.0,,,
995412536.0,TAledavood,135.0,,,
423847851.0,UrbanDemog,112.0,,,
8.781918907551908e+17,ArshamGhavasieh,116.0,,,
9.054811819107615e+17,csqsiew,54.0,,,
234017215.0,gdfm7,61.0,,,
472562889.0,timalthoff,87.0,,,
3569432363.0,m_rosvall,45.0,,,
1689492204.0,pocsvox,12.0,,,
2329657867.0,JurgenPfeffer,68.0,,,
804105624.0,sdwfrost,54.0,,,
19330436.0,marcobardoscia,40.0,,,
2548304936.0,eugeValdano,140.0,,,
423024537.0,alerizzo_,195.0,,,
916842583.0,NKouvaris,71.0,,,
107138253.0,grinbergnir,32.0,,,
9949272.0,hukuzatuna,56.0,,,
2353960442.0,brain_stim,16.0,,,
8.203464675461775e+17,NetContagions,53.0,,,
27403471.0,cecim,40.0,,,
7.09642077315924e+17,AramisLabParis,13.0,,,
2603978460.0,misicbata,66.0,,,
1961016907.0,FreebornGroup,76.0,,,
567698748.0,wetuad,162.0,,,
2210857693.0,VeraPancaldi,47.0,,,
505744768.0,NinoNaf,34.0,,,
1672632270.0,WorldPopProject,17.0,,,
9.140615582543299e+17,ccs18gr,101.0,,,
167693954.0,dhillon_p,19.0,,,
114288615.0,arutherfordium,95.0,,,
320922867.0,JSMF,70.0,,,
1406622804.0,BettencourtLuis,22.0,,,
1376401838.0,iyadrahwan,67.0,,,
2924669003.0,Max_Planck_CHM,88.0,,,
1855503205.0,AmaralLab,111.0,,,
93476253.0,dfreelon,65.0,,,
2538040298.0,Sarah_Morgan_UK,118.0,,,
4053731357.0,Ghoshal_G,30.0,,,
376412811.0,FoxandtheFlu,46.0,,,
274712575.0,BinghamtonCoCo,21.0,,,
7.203892703351357e+17,TheWebConf,6.0,,,
9.653404886928384e+17,a_cardillo,96.0,,,
1061622836.0,MangioniG,100.0,,,
263702718.0,catera_roma,23.0,,,
398927965.0,sanmelons,244.0,,,
36119322.0,chpoletto,159.0,,,
272065025.0,lajello,225.0,,,
9.231962606303683e+17,ICCS2018,16.0,,,
1360175358.0,m_starnini,131.0,,,
874075994.0,BioFrontiers,15.0,,,
3526601.0,derekgreene,15.0,,,
9.373580159043379e+17,ComuneLab,214.0,,,
993739562.0,GrandataCorp,1.0,,,
156031097.0,apanisson,133.0,,,
2431801963.0,laetitiagvn,35.0,,,
44217911.0,rschifan,190.0,,,
1479301693.0,_alephsys_,110.0,,,
226571318.0,jblumenstock,15.0,,,
1523174335.0,KoljaKleineberg,123.0,,,
3230611617.0,ComplexAndBio,11.0,,,
126046965.0,fariba_k,162.0,,,
807365647.0,C4COMPUTATION,100.0,,,
8.97866837333037e+17,CNS_NRT,133.0,,,
1960705284.0,ISI_Fondazione,113.0,,,
255051048.0,fblamanna,109.0,,,
562790169.0,eflegara,14.0,,,
24669093.0,jlmateos,315.0,,,
260415455.0,graphcommons,67.0,,,
500364862.0,dorogovtsev,8.0,,,
1467737210.0,elisa_omodei,258.0,,,
1632913393.0,CSLab_UPF,75.0,,,
2912834655.0,clabbarcelona,85.0,,,
25805235.0,robinberjon,35.0,,,
1028855810.0,ChristosEllina1,298.0,,,
3000719200.0,CIDIDteam,10.0,,,
194399316.0,cgershen,76.0,,,
1937243048.0,zoltantoroczkai,88.0,,,
8.297349803518444e+17,HacklScience,77.0,,,
577195836.0,gagliol,464.0,,,
16174436.0,suneman,113.0,,,
8.216549378516132e+17,netsci2018,108.0,,,
85125367.0,filrad,2.0,,,
2785720331.0,ccs17mx,304.0,,,
14112036.0,dankessler,132.0,,,
149806281.0,alainbarrat,90.0,,,
235957352.0,mikk_c,96.0,,,
367297219.0,MelMitchell1,14.0,,,
531122860.0,ComplexityInst,147.0,,,
1923380198.0,YKhorramzadeh,98.0,,,
79911730.0,BenJamesBush,18.0,,,
632724692.0,RenaudLambiotte,25.0,,,
14093970.0,estebanmoro,248.0,,,
94596289.0,schichmax,95.0,,,
8.493592028710707e+17,macfang17,96.0,,,
3505171469.0,appliednetsci,129.0,,,
104124584.0,marfcg,20.0,,,
56805505.0,ingo_S,231.0,,,
75641981.0,Ognyanova,139.0,,,
2252674884.0,SFI_Chaos_MOOC,3.0,,,
78589126.0,matteomoci,25.0,,,
2284174986.0,Fede_Botta,546.0,,,
78719897.0,didiervega,125.0,,,
1.0477494106864558e+18,GysiDeisy,36.0,,,
578430883.0,ErisSeiren,57.0,,,
291991124.0,MoisesGualapuro,10.0,,,
931948904.0,cleonrin,25.0,,,
388651749.0,alientometal,5.0,,,
302735772.0,rkcpanigrahi,7.0,,,
3912267406.0,soojongkim_1,173.0,,,
4761196712.0,ArochaJG,5.0,,,
8.353234486751642e+17,complexbrains,223.0,,,
1.214957186121687e+18,ProfMilenkovic,17.0,,,
1.0882937158342164e+18,ChienshihHuang1,23.0,,,
1.15918239145549e+18,Jo_Youngheun,45.0,,,
1.1543924413462405e+18,mundocomplexus,110.0,,,
4571541142.0,garridinh0,19.0,,,
7685632.0,frankmoshe,97.0,,,
425533559.0,guillermo_id,36.0,,,
40457334.0,jlarrosa,41.0,,,
1664996929.0,LL_Portes,10.0,,,
1.124685928608555e+18,granpooli,2.0,,,
57171233.0,dques2766,67.0,,,
2151613198.0,tatianadragutan,8.0,,,
83485959.0,SergioAlcala_,202.0,,,
145754389.0,eddywongch,90.0,,,
7.424757389773087e+17,ragarwa2,101.0,,,
1517372827.0,selcanmutgan,184.0,,,
1345735165.0,alexcmichels,32.0,,,
496163705.0,m_cnakhaee,14.0,,,
1.201660004928897e+18,BenFerrum,7.0,,,
2659003274.0,meichen_yu,40.0,,,
137349966.0,leoferres,76.0,,,
1388112362.0,brsepulvado,166.0,,,
327836613.0,MGuevaraA,88.0,,,
434091746.0,pranavathiyani,82.0,,,
9.860178754073272e+17,v_valerioh,51.0,,,
203574192.0,zuxfoucault,112.0,,,
8.322181512911258e+17,NasutoSlawek,142.0,,,
9.123726804389642e+17,ChengLin829,55.0,,,
2489960958.0,MassimoSt,204.0,,,
1.0338156150170378e+18,JocksanVille,134.0,,,
1917923376.0,rishabhk_,40.0,,,
2417892751.0,arvidmartin,323.0,,,
7.770274809012634e+17,jlmquiroz,134.0,,,
2417494752.0,osirisrankin,19.0,,,
202124719.0,aminulacj,176.0,,,
1929084218.0,NgiguaOax,124.0,,,
9.328953098266092e+17,mblukac,139.0,,,
1.158176849224188e+18,istudymemes,33.0,,,
1.1573331263786394e+18,alex_nafnlaus,21.0,,,
1.161824396094296e+18,HengChienLiou,104.0,,,
274888804.0,anshuman2111,67.0,,,
2791157881.0,hyunuk_kim07,129.0,,,
1604482998.0,polbalen,64.0,,,
1.1580394465598956e+18,FarahmandHaamed,17.0,,,
244481174.0,Fire_and_Skill,51.0,,,
7.959834376602419e+17,MohieddinJafari,29.0,,,
20760700.0,silviafierascu,173.0,,,
9.72083542187565e+17,shelbysturrock,3.0,,,
15176649.0,lespin,112.0,,,
1.0757350512522936e+18,asrayagiriraj,19.0,,,
1.2242159753540403e+18,webbdanielk,11.0,,,
1.0678285996994519e+18,EFSForum,5.0,,,
1920201936.0,AlinaLungeanu,32.0,,,
2742114133.0,randnetworkwalk,109.0,,,
1.0571917761197957e+18,takayukihir,144.0,,,
100184465.0,brunofmr,42.0,,,
1411308931.0,_stalaga_,45.0,,,
441778701.0,_marameo_,222.0,,,
29825518.0,kenaiello,106.0,,,
1.1330697809178501e+18,yang3kc,95.0,,,
41152850.0,josephshaheen,91.0,,,
443619917.0,Orsi_Vasarhelyi,66.0,,,
9.919978310650798e+17,vandanaravindrn,22.0,,,
79778135.0,italodovalle,24.0,,,
1.0247383290806845e+18,draykol,13.0,,,
3261620311.0,KavehKadkhoda,57.0,,,
125939065.0,abhijitchak,61.0,,,
2218087722.0,Sang_MACT,8.0,,,
11535642.0,mqpasta,47.0,,,
4740322372.0,IHowenstine,28.0,,,
16621479.0,TheShubhanshu,132.0,,,
115677576.0,souzatharsis,70.0,,,
13256982.0,thannigan,62.0,,,
7.307914595452109e+17,ShekatkarSnehal,65.0,,,
985771476.0,gcyalcin,45.0,,,
1905068233.0,AaronSchecter,45.0,,,
7.430783112454062e+17,hougogh,27.0,,,
1.1156683826011914e+18,d_rshk,2.0,,,
61722243.0,AnshuB,13.0,,,
594492962.0,pramodsshinde,43.0,,,
393482901.0,dasmiq,13.0,,,
817123152.0,FPVantaggiato,69.0,,,
8.638028786113905e+17,pie_try_ka,49.0,,,
9.221811304297267e+17,wilkenphd,12.0,,,
2447130548.0,MontesdeOcaMA,30.0,,,
100067469.0,chrix2,18.0,,,
252158413.0,ilyesboumahdi,5.0,,,
293983295.0,vtraag,301.0,,,
7.249804452811817e+17,annie_waldherr,52.0,,,
172003643.0,ilunapla,22.0,,,
21537777.0,robymuhamad,65.0,,,
47616056.0,bendfulcher,62.0,,,
5815392.0,mhough,166.0,,,
9.874843257498952e+17,lucmsanchez,17.0,,,
1.1987093687342653e+18,DanKaiser37,33.0,,,
4823510037.0,Sina_Mansour_L,36.0,,,
9.031780683486044e+17,Yuriantonacci89,14.0,,,
1.0153676043645665e+18,DuyDuongTran1,43.0,,,
17105921.0,orduek,5.0,,,
226713274.0,complexitatcat,109.0,,,
9.076836634286367e+17,yoed_kenett,76.0,,,
2670678517.0,AlGoulas,39.0,,,
42812541.0,marls_canyon,44.0,,,
300303342.0,angelo_mele,41.0,,,
101978854.0,sarikajalan9,67.0,,,
2813514115.0,ESAdisease,28.0,,,
107516884.0,IULuddy,17.0,,,
164190842.0,miki7s,60.0,,,
724717520.0,quantum_goat,26.0,,,
2301856730.0,AlfonsoLangle,101.0,,,
156804540.0,FranciscoICMC,218.0,,,
3089452732.0,silviojrufv,35.0,,,
1858779979.0,MeysamAIizadeh,79.0,,,
1.1845319758701158e+18,HNet_Initiative,4.0,,,
9.265065272168653e+17,aymeric_vie,91.0,,,
156259271.0,ilireh,39.0,,,
1.2059615503617475e+18,ZahraMoradimnsh,26.0,,,
8.236151600069673e+17,petra_vertes,54.0,,,
30619250.0,pasdup,20.0,,,
219262963.0,phantomread_,8.0,,,
5470342.0,jeanjacques,2.0,,,
778200301.0,VinkoZlatic,97.0,,,
281909635.0,SamuelHeroy,57.0,,,
2464715803.0,ace_ebert,28.0,,,
55997459.0,iPif,73.0,,,
21133252.0,chibold,59.0,,,
953317748.0,hasterly,21.0,,,
1404517633.0,And_Scalco,28.0,,,
49413866.0,randal_olson,392.0,,,
2437359170.0,geosimafrica,37.0,,,
2435499030.0,SMyers1983,42.0,,,
158678965.0,vtunali,89.0,,,
58265438.0,vincentgauthier,148.0,,,
1.2277535292484854e+18,AvrumGillespie,38.0,,,
1.2176076886216786e+18,huihui59359856,49.0,,,
399544729.0,KatolaZ,150.0,,,
254554813.0,carlo_fisicaro,8.0,,,
1.0906340603833508e+18,SINeLabDTU,22.0,,,
410072997.0,Marco_Tizzoni,5.0,,,
16084329.0,pieranna_calvi,6.0,,,
40428645.0,Oskarryden,30.0,,,
921672902.0,SipkaSays,14.0,,,
53333835.0,fsyloslab,16.0,,,
3445125555.0,CJBanks84,24.0,,,
1174740308.0,alexbarclay_,4.0,,,
2654227392.0,rorygreig1,67.0,,,
3196174300.0,PhilippeWal,7.0,,,
125453933.0,edoardobianco,49.0,,,
7.373621083970601e+17,KulikovUNIATF,25.0,,,
309507135.0,complejidadyec,154.0,,,
7.020287212518687e+17,svcmls,45.0,,,
1.1370002376110694e+18,DavideMottin,5.0,,,
532074653.0,DirkHelbing,38.0,,,
8.876652945708155e+17,CommsPhys,49.0,,,
257553582.0,benradwenidriss,92.0,,,
1.2239328294925476e+18,ArihBoh,97.0,,,
1.181472815540822e+18,sustyplexia,112.0,,,
566542654.0,MathbookIT,103.0,,,
168140435.0,raffaelevacca,64.0,,,
54740139.0,JisunAn,61.0,,,
112452573.0,words_life,107.0,,,
1.1862022010788782e+18,nodds_lab,73.0,,,
3417939718.0,CxAalto,15.0,,,
142654552.0,thilogross,72.0,,,
1.1951732326320415e+18,EvertronEthan,18.0,,,
292550340.0,AdvancingPhysio,69.0,,,
1361980022.0,GiovanniIacobs,32.0,,,
316533898.0,galeanojav,108.0,,,
801817963.0,RolandFeng,82.0,,,
1.0684861029301125e+18,BIGSSS_summer,35.0,,,
522524224.0,orlayesno,58.0,,,
25042736.0,i_RoBo_,21.0,,,
177173603.0,dpastoresc,75.0,,,
108700310.0,murseltasgin,158.0,,,
1.0086403298919342e+18,matteo_tiziana,61.0,,,
2814961270.0,tommasogili,47.0,,,
243174632.0,tomo_onaga,27.0,,,
1.179646258769584e+18,Po_CSS,83.0,,,
248393312.0,RushiBhavsar,172.0,,,
1.1439836820065239e+18,laura_didom,79.0,,,
1.0073609511700275e+18,MarekTempe,64.0,,,
7.786945706619494e+17,ana16_jaramillo,92.0,,,
4851173447.0,hfarruda,85.0,,,
8.45839117338456e+17,eky102,101.0,,,
2880029134.0,mrcpangallo,48.0,,,
311396644.0,LucaLuceri,58.0,,,
8.213740316937748e+17,aminkaveh17,53.0,,,
3197753533.0,DanielJ_Case,57.0,,,
2542515740.0,vkreso,132.0,,,
111204600.0,mansumansu,45.0,,,
221980399.0,PabMedi,65.0,,,
7.969018456083046e+17,TaharMouloud1,48.0,,,
9.478342769592156e+17,irinimalliaraki,87.0,,,
2786173214.0,SannaOjanpera,91.0,,,
3254426133.0,murilo_loureiro,140.0,,,
2242851314.0,MichaelUftring,76.0,,,
3077144869.0,PreethiLahoti,25.0,,,
1210441254.0,rmarculescu,80.0,,,
8.565931794198282e+17,femquant,8.0,,,
3406403592.0,claytonsbingham,17.0,,,
1.140266580187734e+18,irenemalvestio1,69.0,,,
601184431.0,mikaelseppala,100.0,,,
81618211.0,atifadam1,10.0,,,
201176097.0,freddurao,8.0,,,
18873795.0,Jelel_Ezzine,66.0,,,
97776556.0,amberjudge,33.0,,,
1060400438.0,wariobrega,38.0,,,
394771556.0,ProfYde,35.0,,,
467804590.0,squazzoni,39.0,,,
1.0585542455137976e+18,vakratundd,41.0,,,
19214480.0,adaboost,38.0,,,
1156794480.0,JaredKWA,8.0,,,
1975097718.0,edeutschma,146.0,,,
2537862908.0,babyproudlee,51.0,,,
246784429.0,ani_thapa,4.0,,,
43363760.0,HundredthIdiot,48.0,,,
184817460.0,BioComplexLab,48.0,,,
96154851.0,weiluo0001,22.0,,,
29948932.0,SanazFA,5.0,,,
1.0733502251992883e+18,howisthewater,23.0,,,
3926021301.0,SrourAli0,15.0,,,
8.644909049792102e+17,RezaSadeghiWSU,57.0,,,
1.0166480670623539e+18,CampedelliGian,63.0,,,
2180630366.0,Agostin01,19.0,,,
9.890972579862938e+17,stinomat,140.0,,,
42653015.0,igeolise,6.0,,,
346695250.0,nickyzachariou,48.0,,,
1.0163650589542769e+18,WiMLDS_Milan,9.0,,,
790908517.0,pklampros,5.0,,,
16597102.0,dgzara,112.0,,,
217178340.0,pareyesv,29.0,,,
193755075.0,abagavat,43.0,,,
466600034.0,tamasdb,21.0,,,
3929637676.0,RKalcik,49.0,,,
7.090647759180841e+17,WSSC_UPF,17.0,,,
1.0688340480202301e+18,sofiadokuka,120.0,,,
7.180784896273285e+17,_jimduggan,28.0,,,
1.0579666387488768e+18,obrienj_,49.0,,,
17403137.0,yohm13,28.0,,,
2249735748.0,TakaakiAokiTwit,27.0,,,
9.011429627587584e+17,socph,80.0,,,
181381724.0,sof14g1l,18.0,,,
4272310881.0,saminrf,98.0,,,
1033712059.0,ASorichetta,11.0,,,
7.687084119407575e+17,grow_andre,133.0,,,
7.753865260247654e+17,SarahFMuldoon,22.0,,,
9.615930994274263e+17,ZhengMuhua,74.0,,,
8.26867992893997e+17,Minoo_ASTY,13.0,,,
1.0429670011850506e+18,SummerHosea,94.0,,,
2240131645.0,gabriel_ramosf,77.0,,,
741052621.0,__Sarawalk__,72.0,,,
1875700062.0,antonionialb,77.0,,,
22650867.0,leohalepli,21.0,,,
8.335332737541366e+17,nos_supero,26.0,,,
1070199104.0,sebastianofil,8.0,,,
345288810.0,LucchiniLorenzo,57.0,,,
2595937920.0,EGunibo,15.0,,,
8517882.0,srenan,72.0,,,
1.0274847456204964e+18,DAFINET_ERC,53.0,,,
381937821.0,albsantosdel,113.0,,,
1.0075436291398984e+18,6real2,61.0,,,
7.950234841747456e+17,AlejTejedor,150.0,,,
3300214874.0,vagelispapalex,75.0,,,
7.870274909841777e+17,Bottlenecked_Y,48.0,,,
17154442.0,lucaverginer,31.0,,,
53913642.0,T_Zano,64.0,,,
7.187994931609641e+17,eestradalab,82.0,,,
46383062.0,voxmjw,86.0,,,
9.731719370893476e+17,OxfordEconNet,35.0,,,
2191957628.0,SamirSuweis,68.0,,,
17212489.0,kotzino,43.0,,,
3418589806.0,NiallGlynn,38.0,,,
1.00981895361348e+18,CssItaly,41.0,,,
320308247.0,DrYannMoalic,107.0,,,
1.0084179527424287e+18,NetworkAutomata,70.0,,,
3021635212.0,CSHVienna,58.0,,,
8.89557107091157e+17,sarahdr,123.0,,,
271370637.0,SaharnazDi,76.0,,,
8.7855680725325e+17,anupamaa12,23.0,,,
1441673010.0,mad_astronaut,29.0,,,
305960097.0,shobeirf,83.0,,,
2963878756.0,AnaM_Triana,69.0,,,
2689718952.0,vvinciotti,28.0,,,
2438886458.0,francisco_upm,289.0,,,
92319345.0,benzevenbergen,25.0,,,
20502835.0,richfry,10.0,,,
8.046695954749194e+17,idsai_uom,12.0,,,
114563183.0,alenyshkaxx,41.0,,,
112397219.0,Mridul_Seth,37.0,,,
2438508702.0,CGraciaLazaro,94.0,,,
101759189.0,DriesDaems,69.0,,,
88167514.0,Katie__Bentley,19.0,,,
192679212.0,sjmgarnier,87.0,,,
2932027868.0,NetworkTremieu,552.0,,,
9.782628640782991e+17,t_radicio,65.0,,,
9.664138718575985e+17,evolvingfutures,75.0,,,
934449271.0,PaoloDeLosRios,36.0,,,
7.700125744946258e+17,dorottya_hoor,130.0,,,
3302454318.0,saurabhnagrecha,30.0,,,
47580492.0,Yquetzal,72.0,,,
38177323.0,kidzik,9.0,,,
8.90101932798423e+17,kristamenglish,20.0,,,
1199200680.0,GuiFdeArruda,146.0,,,
8.757582708955996e+17,NthIterationLab,38.0,,,
271936990.0,PaddyCallus,188.0,,,
2869874233.0,mowafakallaham,112.0,,,
9.217476270535844e+17,digitalbizumzl1,41.0,,,
8.94164731795198e+17,JFutoma,18.0,,,
233514057.0,danieledaler,148.0,,,
41841330.0,orgnet,55.0,,,
7.539227079395328e+17,UnMondoCane,106.0,,,
8.792917047544914e+17,euro_css,65.0,,,
2740338871.0,Bos_CHIP,10.0,,,
1436964224.0,HosseinNoorazar,29.0,,,
253480647.0,emanuelemassaro,85.0,,,
1008442225.0,DemianBattaglia,22.0,,,
3131557785.0,SimonyanLab,7.0,,,
392695595.0,kimisperros,69.0,,,
89467037.0,marianobegue,157.0,,,
129155606.0,Shahroz07,71.0,,,
1569650100.0,NachoToledoR,236.0,,,
107468161.0,kleber_a_o,245.0,,,
2595260136.0,ljnbrent,48.0,,,
1668630349.0,MontufarEric,145.0,,,
8.364066814372864e+17,verethragna__,40.0,,,
31185845.0,barbarabulc,20.0,,,
309424720.0,Teo_Correia,52.0,,,
435868764.0,ElsaArcaute,123.0,,,
9.101682352612188e+17,coletti_pietro,70.0,,,
612382284.0,Iza_Romanowska,94.0,,,
1808171.0,nicolabruno,18.0,,,
106483037.0,jcorrean,29.0,,,
9.058327680090112e+17,0ttamatt,91.0,,,
1363657555.0,AlineCosette,133.0,,,
745468122.0,GTheraulaz,138.0,,,
15255349.0,themiurgo,128.0,,,
781605720.0,djherreram,40.0,,,
8.952768773504041e+17,snresearch_org,91.0,,,
4503332541.0,iuinfograd,50.0,,,
559633081.0,Dani_Gambit,145.0,,,
7.99974644803629e+17,PZgrzebnicki,81.0,,,
295175711.0,ewancolman,89.0,,,
7.064419214058209e+17,encore_network,86.0,,,
1245487578.0,BootsLab,12.0,,,
66708144.0,abojchevski,101.0,,,
11914552.0,parraguezr,170.0,,,
2872545452.0,javiergb_com,146.0,,,
44954346.0,xandeca,20.0,,,
94082890.0,ghirardinicola,23.0,,,
3019638591.0,gianroccolzz,20.0,,,
2168624918.0,policyinternet,54.0,,,
21773404.0,MariaPereda_,303.0,,,
3080110381.0,haoopeng,65.0,,,
746152190.0,agodoylorite,112.0,,,
43299863.0,tobypeterdavies,70.0,,,
1599902202.0,MarlonMasine,245.0,,,
972998328.0,CamNetNet,34.0,,,
101561169.0,ProfJenNeville,54.0,,,
8.03944483742249e+17,Mohsen_Bahrami_,185.0,,,
249794996.0,ruta_io,26.0,,,
460489687.0,JMateosGarcia,34.0,,,
8.651864683771003e+17,NetHealthMilan,12.0,,,
119506508.0,frasurano,31.0,,,
8.615388989792952e+17,bandigsm,253.0,,,
1092867511.0,IsabellaGollini,109.0,,,
3804729269.0,danilo_liuzzi,55.0,,,
63734068.0,interdonatos,83.0,,,
277078157.0,KristinaCurtis,6.0,,,
354510217.0,AijaLeiponen,10.0,,,
2314631347.0,kaidozhang,26.0,,,
2843741836.0,SimPolProject,179.0,,,
227270794.0,MPCifuentes,150.0,,,
7.274012042135347e+17,veclab_KEMRI_WT,4.0,,,
8.476998566510428e+17,nokesdj,7.0,,,
455895128.0,ferdaofli,16.0,,,
572279177.0,rijitK,33.0,,,
308124021.0,Shun_Liu_,165.0,,,
98682862.0,MeaganCFitz,28.0,,,
211787094.0,zignoai,33.0,,,
365364269.0,milan_rapaic,23.0,,,
2438382738.0,HumanEcosystems,8.0,,,
4098440751.0,AsocialNets,194.0,,,
335206756.0,zeyneper_ugurlu,48.0,,,
516984014.0,LupoGiuseppe92,203.0,,,
2420108113.0,adambbadawy,99.0,,,
1395484944.0,AjaykumarJM,57.0,,,
1938981038.0,Nik_Anesiadis,48.0,,,
484805313.0,TweetNTD,64.0,,,
3070163032.0,netcrime,195.0,,,
1550943302.0,velaiola,53.0,,,
142995842.0,tweeting_cris,111.0,,,
8.248121821141647e+17,www17perth,36.0,,,
8.200881652393206e+17,susanbourbaki,48.0,,,
4675087285.0,aelwan4,13.0,,,
49458423.0,tomasaftalion,88.0,,,
109253611.0,blengyelb,88.0,,,
566259442.0,DanFranksRsrch,62.0,,,
547871798.0,ingmarweber,268.0,,,
7.837090076263096e+17,DataBeersWrik,121.0,,,
94603287.0,SimonThordal,32.0,,,
4023660472.0,RobLucc,107.0,,,
1913890034.0,DarrenPCroft,30.0,,,
14308267.0,Ymax,30.0,,,
7.763543467286528e+17,LABSS_CNR,64.0,,,
28534457.0,i_realize,6.0,,,
483454569.0,Amir_Ghasemian,113.0,,,
34342475.0,gerfranc,62.0,,,
7.868312180756644e+17,GDato_gb,20.0,,,
15392115.0,dgeaston,195.0,,,
709491584.0,ArnautzPgvila,65.0,,,
7.702070075173396e+17,wwcs_2017,53.0,,,
262244908.0,natalieasis,58.0,,,
123834795.0,satyaki30,151.0,,,
369755821.0,tek_keller,24.0,,,
112440496.0,sofievalk,62.0,,,
7.727398135481016e+17,LauCan88,28.0,,,
7.658659513634939e+17,WarwickComplex,223.0,,,
7.675314229282079e+17,RSDSymposium,33.0,,,
18163032.0,wareFLO,44.0,,,
4896916113.0,RawbLaBlog,18.0,,,
4888612253.0,EventHistory,23.0,,,
262929981.0,eddelac,32.0,,,
3460853716.0,dokuka_sofia,62.0,,,
2269684160.0,gen21ka,47.0,,,
709379881.0,GundogduDidem,62.0,,,
18406335.0,dogvile,162.0,,,
628610967.0,dataspirin,138.0,,,
7.529775494547046e+17,ComplexityPope,135.0,,,
3671492717.0,Valeria__Romano,47.0,,,
129550400.0,gi_ona,50.0,,,
3295991605.0,mattjsilk,65.0,,,
18855622.0,carnby,56.0,,,
7.477085752088371e+17,ccsSOP2016,94.0,,,
7.101653175075308e+17,mlgworkshop,62.0,,,
355626264.0,aram_galstyan,57.0,,,
267808325.0,mattemanca,63.0,,,
61900484.0,AntonioPenta,47.0,,,
7.350990511553126e+17,ddhbp_2016,86.0,,,
104629239.0,qualitativa,42.0,,,
477568557.0,simonecent,70.0,,,
232503127.0,marija_mitrovic,120.0,,,
4888893395.0,CoSIN3_UOC,99.0,,,
34897314.0,nicola_c_foster,24.0,,,
7.033022455893811e+17,geotoponets2016,64.0,,,
7.04436290347991e+17,CICWCat,31.0,,,
3190432737.0,SimoneRighi_MO,26.0,,,
67398756.0,flaviovdf,36.0,,,
3308228529.0,jacob_c_fisher,112.0,,,
29552568.0,yannsecq,10.0,,,
68376272.0,mkhm,274.0,,,
44446416.0,fbenevenuto,82.0,,,
14156905.0,jessesoininen,73.0,,,
2584575792.0,UMICHCS,179.0,,,
21305051.0,sbr28,43.0,,,
3472336217.0,LivingNethos,75.0,,,
3900784053.0,WWCS_2016,120.0,,,
21279340.0,PamMktgNut,30.0,,,
21774074.0,haewoon,176.0,,,
3610142835.0,databeersldn,37.0,,,
601687797.0,hclarosh,59.0,,,
351555467.0,enricopalumbo91,12.0,,,
83840361.0,Biomarino,110.0,,,
299545863.0,AndreaPossenti,83.0,,,
14908972.0,prabprab,34.0,,,
11892372.0,fabreetseo,18.0,,,
2492740016.0,Comsotec,236.0,,,
19629739.0,MichaelWunder,9.0,,,
2806307411.0,Jp_Chevrot,33.0,,,
166445385.0,fmacielcardoso,66.0,,,
19058451.0,nakafi,41.0,,,
82577951.0,silviabarbero,10.0,,,
54817041.0,nicola_barbieri,20.0,,,
288389432.0,patrikja,8.0,,,
1335668024.0,OPatterson4,28.0,,,
16795018.0,twbriggs,77.0,,,
3353136183.0,trovdimi,104.0,,,
461408456.0,trebsirk,36.0,,,
3168092856.0,nus_sling,15.0,,,
40542861.0,istvanzkiss,67.0,,,
98764925.0,Bortseb,112.0,,,
582772973.0,MobiSocCU,52.0,,,
256677843.0,OpenBeacon,7.0,,,
34653414.0,CT_Coughlin,361.0,,,
3313245897.0,FinnertyAilbhe,30.0,,,
2337002455.0,di_stefano_ale,130.0,,,
3222686964.0,SocialNetNeuro,58.0,,,
2494238046.0,jasmineteabreak,24.0,,,
203691503.0,Pedroralofernan,9.0,,,
3308159633.0,m_tambuscio,100.0,,,
1708122348.0,Ouroboroski,130.0,,,
607311335.0,socdatalab,198.0,,,
31705889.0,TjibbeD,46.0,,,
302604042.0,nudro,9.0,,,
72509746.0,papaanteporta,61.0,,,
87105950.0,SOLENAI,7.0,,,
3088807367.0,CAMLaPorta,42.0,,,
2785880513.0,BJayles,123.0,,,
1347088410.0,franzViz,23.0,,,
2425558261.0,alok13sama,139.0,,,
314217400.0,RobbieAMcDonald,36.0,,,
3086535891.0,DeCIDe_ERC,17.0,,,
16925097.0,gvrkiran,200.0,,,
3088703037.0,SZapperi,78.0,,,
242362786.0,vsevolodNS,19.0,,,
2787747192.0,MassEvac,36.0,,,
3042264274.0,scamelsML,7.0,,,
29658006.0,xingustc,3.0,,,
3031539254.0,GBCI_ASU,200.0,,,
982500170.0,paulMcRacca,24.0,,,
3030618307.0,tongtonghappy19,37.0,,,
2914186151.0,netscibackstage,225.0,,,
2374758734.0,rosalyn_lin,8.0,,,
2981463028.0,PeerJCompSci,4.0,,,
2895240598.0,innarliiv,29.0,,,
2983871745.0,ComplejiMad,47.0,,,
2969917924.0,Anna_Sapienza,50.0,,,
391991603.0,PolColomer,85.0,,,
302690611.0,VasantDhar,3.0,,,
529730279.0,matjazperc,55.0,,,
1157307985.0,kfarrahi,16.0,,,
123572484.0,marialisascata,110.0,,,
282414384.0,KoAwatea_cmdhb,4.0,,,
536950939.0,BiztechStrategy,45.0,,,
838509024.0,HywelTPWilliams,56.0,,,
110610138.0,Ale_xsandra,46.0,,,
2851033972.0,amandawoodr,9.0,,,
1637696580.0,PremSankarC,151.0,,,
2359841862.0,aagakanmu,50.0,,,
377401482.0,ArnaudDyevre,20.0,,,
12219882.0,hekman,20.0,,,
570639833.0,GISerXi,94.0,,,
1362984396.0,DinoPedreschi,136.0,,,
471996981.0,jonmbright,34.0,,,
2829695868.0,Abovecc,6.0,,,
2785775039.0,CeciliaPanigut,24.0,,,
845408275.0,topdrim,36.0,,,
54855283.0,pierrep67,130.0,,,
493260415.0,polymathsglobal,100.0,,,
2813974014.0,pin_lab,71.0,,,
1362794760.0,AmyGreerKalisz,24.0,,,
2805421915.0,IC2S2,82.0,,,
17867838.0,ccatalini,27.0,,,
2216552429.0,Beyond20000Days,4.0,,,
50517429.0,jonggunLee,55.0,,,
127233575.0,lalvan,38.0,,,
389051649.0,PietroTerna,30.0,,,
26467061.0,marcogherardi,101.0,,,
325986531.0,CE0702,106.0,,,
1377379782.0,DiegoFregolente,366.0,,,
16614440.0,jdfoote,100.0,,,
2583902516.0,ETHZSystDesign,63.0,,,
2341772972.0,thedatascilab,152.0,,,
110135284.0,nanumyan,105.0,,,
2613988502.0,crimenet_ws,108.0,,,
2597727433.0,SMSEC2014,76.0,,,
2411054834.0,EBucksJeff,33.0,,,
17877913.0,andreademarco,20.0,,,
22881502.0,axelstreichen,22.0,,,
806368231.0,ICSS_Soton,161.0,,,
99325926.0,emanudelfava,34.0,,,
1128343110.0,alannanoellelaz,24.0,,,
1740835398.0,PunahaMatatini,69.0,,,
1493423918.0,netsci15,396.0,,,
94579404.0,jacobienc,49.0,,,
154862548.0,BhagatLD,25.0,,,
1209052856.0,EtoilePlatform,47.0,,,
278465124.0,cheabundo,99.0,,,
18123336.0,alikamil,54.0,,,
29186208.0,convertino_matt,196.0,,,
779076895.0,sLaMMonites,25.0,,,
2436815372.0,ricgallotti,224.0,,,
436559810.0,lijunsun0,107.0,,,
2424373254.0,SEDPAM,56.0,,,
26736307.0,ruchione,4.0,,,
77502415.0,noduslabs,40.0,,,
193227076.0,amantrac,17.0,,,
117553058.0,ctrattner,95.0,,,
366709446.0,Complexsci,116.0,,,
448513421.0,RexPauper,77.0,,,
2348642744.0,eccs14,119.0,,,
1734596533.0,SmartSocietyFP7,9.0,,,
15553081.0,KamaLeo,4.0,,,
16112288.0,ogdabaum,4.0,,,
